test,time
Ecoli,46.056
a,0.387
aaa,0.47000000000000003
alice29,1.4525000000000001
alphabet,0.476
asyoulik,1.2875
bib,1.1855
bible,28.882
book1,5.273
book2,3.8994999999999997
cp,0.7415
dickens,95.9735
fieldsc,0.592
geo,1.193
grammar,0.508
kennedy,6.0605
lcet10,2.988
mozilla,260.325
mr,63.2235
nci,110.69449999999999
news,2.5555
obj1,0.7625
obj2,1.7955
ooffice,37.4795
osdb,63.4055
paper1,0.9025
paper2,1.0615
paper3,0.8535
paper4,0.645
paper5,0.64
paper6,0.816
pic,2.283
plrabn12,3.4505
progc,0.838
progl,0.9265
progp,0.8245
ptt5,2.344
random,1.2615
reymont,53.851
samba,90.6725
sao,49.6695
sum,0.81
trans,1.0015
webster,331.288
world192,13.592
x-ray,59.5115
xargs,0.5455
xml,15.7835
================================================================================
variant,test,time,size
0_75%_xz_-3_16,pic,0.073,48408
1_50%_xz_-3_1,pic,0.068,48400
10_100%_xz_-9_1,pic,0.199,41992
11_50%_lzma_-6_16,pic,0.179,41945
12_75%_xz_-3_32,pic,0.071,48408
13_50%_lzma_-3_16,pic,0.068,48356
14_50%_lzma_-6_32,pic,0.178,41945
15_50%_xz_-6_32,pic,0.207,42000
16_75%_lzma_-3_16,pic,0.069,48356
17_75%_lzma_-6_32,pic,0.203,41945
18_100%_lzma_-6_1,pic,0.207,41945
19_75%_lzma_-3_1,pic,0.068,48356
2_75%_xz_-9_16,pic,0.231,42000
20_75%_lzma_-6_1,pic,0.199,41945
21_75%_lzma_-6_16,pic,0.2,41945
22_100%_xz_-9_32,pic,0.227,42000
23_100%_xz_-9_16,pic,0.228,42000
24_50%_lzma_-9_32,pic,0.196,41945
25_50%_lzma_-3_32,pic,0.067,48356
26_100%_xz_-3_1,pic,0.069,48400
27_100%_lzma_-9_16,pic,0.226,41945
28_100%_lzma_-3_1,pic,0.065,48356
29_50%_lzma_-6_1,pic,0.202,41945
3_100%_xz_-6_32,pic,0.206,42000
4_50%_lzma_-3_1,pic,0.07,48356
5_75%_xz_-3_1,pic,0.07,48400
6_100%_lzma_-6_16,pic,0.206,41945
7_75%_xz_-6_32,pic,0.208,42000
8_50%_xz_-3_32,pic,0.07,48408
9_75%_xz_-9_32,pic,0.236,42000
0_75%_xz_-3_16,bible,1.074,1057120
1_50%_xz_-3_1,bible,1.04,1057112
10_100%_xz_-9_1,bible,2.513,885184
11_50%_lzma_-6_16,bible,2.514,885002
12_75%_xz_-3_32,bible,1.048,1057120
13_50%_lzma_-3_16,bible,1.012,1056901
14_50%_lzma_-6_32,bible,2.502,885002
15_50%_xz_-6_32,bible,2.544,885192
16_75%_lzma_-3_16,bible,1.024,1056901
17_75%_lzma_-6_32,bible,2.504,885002
18_100%_lzma_-6_1,bible,2.521,885002
19_75%_lzma_-3_1,bible,1.016,1056901
2_75%_xz_-9_16,bible,2.556,885192
20_75%_lzma_-6_1,bible,2.5,885002
21_75%_lzma_-6_16,bible,2.502,885002
22_100%_xz_-9_32,bible,2.536,885192
23_100%_xz_-9_16,bible,2.562,885192
24_50%_lzma_-9_32,bible,2.519,885002
25_50%_lzma_-3_32,bible,1.034,1056901
26_100%_xz_-3_1,bible,1.049,1057112
27_100%_lzma_-9_16,bible,2.511,885002
28_100%_lzma_-3_1,bible,1.041,1056901
29_50%_lzma_-6_1,bible,2.506,885002
3_100%_xz_-6_32,bible,2.519,885192
4_50%_lzma_-3_1,bible,1.038,1056901
5_75%_xz_-3_1,bible,1.033,1057112
6_100%_lzma_-6_16,bible,2.477,885002
7_75%_xz_-6_32,bible,2.49,885192
8_50%_xz_-3_32,bible,1.044,1057120
9_75%_xz_-9_32,bible,2.535,885192
0_75%_xz_-3_16,a,0.026,68
1_50%_xz_-3_1,a,0.027,60
10_100%_xz_-9_1,a,0.027,60
11_50%_lzma_-6_16,a,0.025,24
12_75%_xz_-3_32,a,0.027,68
13_50%_lzma_-3_16,a,0.022,24
14_50%_lzma_-6_32,a,0.027,24
15_50%_xz_-6_32,a,0.027,68
16_75%_lzma_-3_16,a,0.028,24
17_75%_lzma_-6_32,a,0.026,24
18_100%_lzma_-6_1,a,0.027,24
19_75%_lzma_-3_1,a,0.027,24
2_75%_xz_-9_16,a,0.026,68
20_75%_lzma_-6_1,a,0.025,24
21_75%_lzma_-6_16,a,0.025,24
22_100%_xz_-9_32,a,0.026,68
23_100%_xz_-9_16,a,0.027,68
24_50%_lzma_-9_32,a,0.025,24
25_50%_lzma_-3_32,a,0.025,24
26_100%_xz_-3_1,a,0.023,60
27_100%_lzma_-9_16,a,0.026,24
28_100%_lzma_-3_1,a,0.023,24
29_50%_lzma_-6_1,a,0.025,24
3_100%_xz_-6_32,a,0.028,68
4_50%_lzma_-3_1,a,0.025,24
5_75%_xz_-3_1,a,0.024,60
6_100%_lzma_-6_16,a,0.026,24
7_75%_xz_-6_32,a,0.025,68
8_50%_xz_-3_32,a,0.028,68
9_75%_xz_-9_32,a,0.026,68
0_75%_xz_-3_16,cp,0.045,7980
1_50%_xz_-3_1,cp,0.04,7972
10_100%_xz_-9_1,cp,0.055,7644
11_50%_lzma_-6_16,cp,0.048,7600
12_75%_xz_-3_32,cp,0.041,7980
13_50%_lzma_-3_16,cp,0.043,7924
14_50%_lzma_-6_32,cp,0.052,7600
15_50%_xz_-6_32,cp,0.052,7652
16_75%_lzma_-3_16,cp,0.039,7924
17_75%_lzma_-6_32,cp,0.049,7600
18_100%_lzma_-6_1,cp,0.053,7600
19_75%_lzma_-3_1,cp,0.042,7924
2_75%_xz_-9_16,cp,0.059,7652
20_75%_lzma_-6_1,cp,0.052,7600
21_75%_lzma_-6_16,cp,0.047,7600
22_100%_xz_-9_32,cp,0.064,7652
23_100%_xz_-9_16,cp,0.063,7652
24_50%_lzma_-9_32,cp,0.057,7600
25_50%_lzma_-3_32,cp,0.042,7924
26_100%_xz_-3_1,cp,0.043,7972
27_100%_lzma_-9_16,cp,0.06,7600
28_100%_lzma_-3_1,cp,0.041,7924
29_50%_lzma_-6_1,cp,0.049,7600
3_100%_xz_-6_32,cp,0.05,7652
4_50%_lzma_-3_1,cp,0.042,7924
5_75%_xz_-3_1,cp,0.039,7972
6_100%_lzma_-6_16,cp,0.055,7600
7_75%_xz_-6_32,cp,0.057,7652
8_50%_xz_-3_32,cp,0.043,7980
9_75%_xz_-9_32,cp,0.061,7652
0_75%_xz_-3_16,sum,0.04,10292
1_50%_xz_-3_1,sum,0.04,10284
10_100%_xz_-9_1,sum,0.065,9452
11_50%_lzma_-6_16,sum,0.058,9406
12_75%_xz_-3_32,sum,0.045,10292
13_50%_lzma_-3_16,sum,0.041,10237
14_50%_lzma_-6_32,sum,0.051,9406
15_50%_xz_-6_32,sum,0.064,9460
16_75%_lzma_-3_16,sum,0.04,10237
17_75%_lzma_-6_32,sum,0.056,9406
18_100%_lzma_-6_1,sum,0.06,9406
19_75%_lzma_-3_1,sum,0.04,10237
2_75%_xz_-9_16,sum,0.067,9460
20_75%_lzma_-6_1,sum,0.056,9406
21_75%_lzma_-6_16,sum,0.058,9406
22_100%_xz_-9_32,sum,0.072,9460
23_100%_xz_-9_16,sum,0.068,9460
24_50%_lzma_-9_32,sum,0.069,9406
25_50%_lzma_-3_32,sum,0.04,10237
26_100%_xz_-3_1,sum,0.043,10284
27_100%_lzma_-9_16,sum,0.067,9406
28_100%_lzma_-3_1,sum,0.041,10237
29_50%_lzma_-6_1,sum,0.06,9406
3_100%_xz_-6_32,sum,0.06,9460
4_50%_lzma_-3_1,sum,0.043,10237
5_75%_xz_-3_1,sum,0.042,10284
6_100%_lzma_-6_16,sum,0.058,9406
7_75%_xz_-6_32,sum,0.057,9460
8_50%_xz_-3_32,sum,0.046,10292
9_75%_xz_-9_32,sum,0.073,9460
0_75%_xz_-3_16,geo,0.062,55692
1_50%_xz_-3_1,geo,0.062,55684
10_100%_xz_-9_1,geo,0.11,53364
11_50%_lzma_-6_16,geo,0.08,53319
12_75%_xz_-3_32,geo,0.059,55692
13_50%_lzma_-3_16,geo,0.061,55636
14_50%_lzma_-6_32,geo,0.086,53319
15_50%_xz_-6_32,geo,0.089,53372
16_75%_lzma_-3_16,geo,0.056,55636
17_75%_lzma_-6_32,geo,0.082,53319
18_100%_lzma_-6_1,geo,0.081,53319
19_75%_lzma_-3_1,geo,0.053,55636
2_75%_xz_-9_16,geo,0.113,53372
20_75%_lzma_-6_1,geo,0.08,53319
21_75%_lzma_-6_16,geo,0.084,53319
22_100%_xz_-9_32,geo,0.111,53372
23_100%_xz_-9_16,geo,0.107,53372
24_50%_lzma_-9_32,geo,0.108,53319
25_50%_lzma_-3_32,geo,0.059,55636
26_100%_xz_-3_1,geo,0.054,55684
27_100%_lzma_-9_16,geo,0.108,53319
28_100%_lzma_-3_1,geo,0.058,55636
29_50%_lzma_-6_1,geo,0.084,53319
3_100%_xz_-6_32,geo,0.085,53372
4_50%_lzma_-3_1,geo,0.058,55636
5_75%_xz_-3_1,geo,0.057,55684
6_100%_lzma_-6_16,geo,0.084,53319
7_75%_xz_-6_32,geo,0.085,53372
8_50%_xz_-3_32,geo,0.06,55692
9_75%_xz_-9_32,geo,0.11,53372
0_75%_xz_-3_16,reymont,1.754,1677984
1_50%_xz_-3_1,reymont,1.708,1677976
10_100%_xz_-9_1,reymont,4.902,1317152
11_50%_lzma_-6_16,reymont,4.798,1316901
12_75%_xz_-3_32,reymont,1.725,1677984
13_50%_lzma_-3_16,reymont,1.693,1677670
14_50%_lzma_-6_32,reymont,4.824,1316901
15_50%_xz_-6_32,reymont,4.811,1317160
16_75%_lzma_-3_16,reymont,1.673,1677670
17_75%_lzma_-6_32,reymont,4.87,1316901
18_100%_lzma_-6_1,reymont,4.807,1316901
19_75%_lzma_-3_1,reymont,1.672,1677670
2_75%_xz_-9_16,reymont,4.906,1317160
20_75%_lzma_-6_1,reymont,4.829,1316901
21_75%_lzma_-6_16,reymont,4.826,1316901
22_100%_xz_-9_32,reymont,4.896,1317160
23_100%_xz_-9_16,reymont,4.899,1317160
24_50%_lzma_-9_32,reymont,4.877,1316901
25_50%_lzma_-3_32,reymont,1.696,1677670
26_100%_xz_-3_1,reymont,1.682,1677976
27_100%_lzma_-9_16,reymont,4.928,1316901
28_100%_lzma_-3_1,reymont,1.679,1677670
29_50%_lzma_-6_1,reymont,4.8,1316901
3_100%_xz_-6_32,reymont,4.829,1317160
4_50%_lzma_-3_1,reymont,1.688,1677670
5_75%_xz_-3_1,reymont,1.706,1677976
6_100%_lzma_-6_16,reymont,4.825,1316901
7_75%_xz_-6_32,reymont,4.793,1317160
8_50%_xz_-3_32,reymont,1.706,1677984
9_75%_xz_-9_32,reymont,4.9,1317160
0_75%_xz_-3_16,lcet10,0.128,130896
1_50%_xz_-3_1,lcet10,0.124,130888
10_100%_xz_-9_1,lcet10,0.238,119500
11_50%_lzma_-6_16,lcet10,0.248,119446
12_75%_xz_-3_32,lcet10,0.127,130896
13_50%_lzma_-3_16,lcet10,0.121,130823
14_50%_lzma_-6_32,lcet10,0.243,119446
15_50%_xz_-6_32,lcet10,0.245,119508
16_75%_lzma_-3_16,lcet10,0.121,130823
17_75%_lzma_-6_32,lcet10,0.245,119446
18_100%_lzma_-6_1,lcet10,0.247,119446
19_75%_lzma_-3_1,lcet10,0.121,130823
2_75%_xz_-9_16,lcet10,0.273,119508
20_75%_lzma_-6_1,lcet10,0.241,119446
21_75%_lzma_-6_16,lcet10,0.244,119446
22_100%_xz_-9_32,lcet10,0.277,119508
23_100%_xz_-9_16,lcet10,0.24,119508
24_50%_lzma_-9_32,lcet10,0.238,119446
25_50%_lzma_-3_32,lcet10,0.121,130823
26_100%_xz_-3_1,lcet10,0.112,130888
27_100%_lzma_-9_16,lcet10,0.27,119446
28_100%_lzma_-3_1,lcet10,0.122,130823
29_50%_lzma_-6_1,lcet10,0.245,119446
3_100%_xz_-6_32,lcet10,0.247,119508
4_50%_lzma_-3_1,lcet10,0.122,130823
5_75%_xz_-3_1,lcet10,0.123,130888
6_100%_lzma_-6_16,lcet10,0.241,119446
7_75%_xz_-6_32,lcet10,0.25,119508
8_50%_xz_-3_32,lcet10,0.125,130896
9_75%_xz_-9_32,lcet10,0.277,119508
0_75%_xz_-3_16,plrabn12,0.159,181284
1_50%_xz_-3_1,plrabn12,0.158,181276
10_100%_xz_-9_1,plrabn12,0.271,165412
11_50%_lzma_-6_16,plrabn12,0.251,165346
12_75%_xz_-3_32,plrabn12,0.163,181284
13_50%_lzma_-3_16,plrabn12,0.146,181212
14_50%_lzma_-6_32,plrabn12,0.29,165346
15_50%_xz_-6_32,plrabn12,0.261,165420
16_75%_lzma_-3_16,plrabn12,0.15,181212
17_75%_lzma_-6_32,plrabn12,0.29,165346
18_100%_lzma_-6_1,plrabn12,0.251,165346
19_75%_lzma_-3_1,plrabn12,0.146,181212
2_75%_xz_-9_16,plrabn12,0.314,165420
20_75%_lzma_-6_1,plrabn12,0.28,165346
21_75%_lzma_-6_16,plrabn12,0.256,165346
22_100%_xz_-9_32,plrabn12,0.279,165420
23_100%_xz_-9_16,plrabn12,0.312,165420
24_50%_lzma_-9_32,plrabn12,0.269,165346
25_50%_lzma_-3_32,plrabn12,0.158,181212
26_100%_xz_-3_1,plrabn12,0.162,181276
27_100%_lzma_-9_16,plrabn12,0.306,165346
28_100%_lzma_-3_1,plrabn12,0.159,181212
29_50%_lzma_-6_1,plrabn12,0.286,165346
3_100%_xz_-6_32,plrabn12,0.258,165420
4_50%_lzma_-3_1,plrabn12,0.144,181212
5_75%_xz_-3_1,plrabn12,0.164,181276
6_100%_lzma_-6_16,plrabn12,0.288,165346
7_75%_xz_-6_32,plrabn12,0.275,165420
8_50%_xz_-3_32,plrabn12,0.15,181284
9_75%_xz_-9_32,plrabn12,0.305,165420
0_75%_xz_-3_16,progl,0.047,15920
1_50%_xz_-3_1,progl,0.046,15912
10_100%_xz_-9_1,progl,0.073,14984
11_50%_lzma_-6_16,progl,0.066,14940
12_75%_xz_-3_32,progl,0.051,15920
13_50%_lzma_-3_16,progl,0.046,15867
14_50%_lzma_-6_32,progl,0.066,14940
15_50%_xz_-6_32,progl,0.071,14992
16_75%_lzma_-3_16,progl,0.045,15867
17_75%_lzma_-6_32,progl,0.068,14940
18_100%_lzma_-6_1,progl,0.071,14940
19_75%_lzma_-3_1,progl,0.046,15867
2_75%_xz_-9_16,progl,0.084,14992
20_75%_lzma_-6_1,progl,0.066,14940
21_75%_lzma_-6_16,progl,0.069,14940
22_100%_xz_-9_32,progl,0.08,14992
23_100%_xz_-9_16,progl,0.079,14992
24_50%_lzma_-9_32,progl,0.073,14940
25_50%_lzma_-3_32,progl,0.046,15867
26_100%_xz_-3_1,progl,0.048,15912
27_100%_lzma_-9_16,progl,0.073,14940
28_100%_lzma_-3_1,progl,0.044,15867
29_50%_lzma_-6_1,progl,0.065,14940
3_100%_xz_-6_32,progl,0.07,14992
4_50%_lzma_-3_1,progl,0.048,15867
5_75%_xz_-3_1,progl,0.043,15912
6_100%_lzma_-6_16,progl,0.07,14940
7_75%_xz_-6_32,progl,0.071,14992
8_50%_xz_-3_32,progl,0.051,15920
9_75%_xz_-9_32,progl,0.077,14992
0_75%_xz_-3_16,xargs,0.035,1864
1_50%_xz_-3_1,xargs,0.033,1856
10_100%_xz_-9_1,xargs,0.034,1812
11_50%_lzma_-6_16,xargs,0.037,1766
12_75%_xz_-3_32,xargs,0.037,1864
13_50%_lzma_-3_16,xargs,0.031,1811
14_50%_lzma_-6_32,xargs,0.039,1766
15_50%_xz_-6_32,xargs,0.038,1820
16_75%_lzma_-3_16,xargs,0.034,1811
17_75%_lzma_-6_32,xargs,0.035,1766
18_100%_lzma_-6_1,xargs,0.037,1766
19_75%_lzma_-3_1,xargs,0.035,1811
2_75%_xz_-9_16,xargs,0.042,1820
20_75%_lzma_-6_1,xargs,0.036,1766
21_75%_lzma_-6_16,xargs,0.037,1766
22_100%_xz_-9_32,xargs,0.041,1820
23_100%_xz_-9_16,xargs,0.037,1820
24_50%_lzma_-9_32,xargs,0.041,1766
25_50%_lzma_-3_32,xargs,0.034,1811
26_100%_xz_-3_1,xargs,0.04,1856
27_100%_lzma_-9_16,xargs,0.037,1766
28_100%_lzma_-3_1,xargs,0.036,1811
29_50%_lzma_-6_1,xargs,0.04,1766
3_100%_xz_-6_32,xargs,0.039,1820
4_50%_lzma_-3_1,xargs,0.034,1811
5_75%_xz_-3_1,xargs,0.032,1856
6_100%_lzma_-6_16,xargs,0.033,1766
7_75%_xz_-6_32,xargs,0.036,1820
8_50%_xz_-3_32,xargs,0.035,1864
9_75%_xz_-9_32,xargs,0.036,1820
0_75%_xz_-3_16,alice29,0.071,52140
1_50%_xz_-3_1,alice29,0.068,52132
10_100%_xz_-9_1,alice29,0.127,48492
11_50%_lzma_-6_16,alice29,0.108,48448
12_75%_xz_-3_32,alice29,0.069,52140
13_50%_lzma_-3_16,alice29,0.066,52085
14_50%_lzma_-6_32,alice29,0.112,48448
15_50%_xz_-6_32,alice29,0.114,48500
16_75%_lzma_-3_16,alice29,0.064,52085
17_75%_lzma_-6_32,alice29,0.113,48448
18_100%_lzma_-6_1,alice29,0.109,48448
19_75%_lzma_-3_1,alice29,0.066,52085
2_75%_xz_-9_16,alice29,0.128,48500
20_75%_lzma_-6_1,alice29,0.107,48448
21_75%_lzma_-6_16,alice29,0.11,48448
22_100%_xz_-9_32,alice29,0.13,48500
23_100%_xz_-9_16,alice29,0.131,48500
24_50%_lzma_-9_32,alice29,0.122,48448
25_50%_lzma_-3_32,alice29,0.063,52085
26_100%_xz_-3_1,alice29,0.063,52132
27_100%_lzma_-9_16,alice29,0.125,48448
28_100%_lzma_-3_1,alice29,0.062,52085
29_50%_lzma_-6_1,alice29,0.112,48448
3_100%_xz_-6_32,alice29,0.114,48500
4_50%_lzma_-3_1,alice29,0.063,52085
5_75%_xz_-3_1,alice29,0.069,52132
6_100%_lzma_-6_16,alice29,0.11,48448
7_75%_xz_-6_32,alice29,0.114,48500
8_50%_xz_-3_32,alice29,0.068,52140
9_75%_xz_-9_32,alice29,0.127,48500
0_75%_xz_-3_16,asyoulik,0.064,47492
1_50%_xz_-3_1,asyoulik,0.062,47484
10_100%_xz_-9_1,asyoulik,0.112,44536
11_50%_lzma_-6_16,asyoulik,0.089,44489
12_75%_xz_-3_32,asyoulik,0.066,47492
13_50%_lzma_-3_16,asyoulik,0.06,47437
14_50%_lzma_-6_32,asyoulik,0.096,44489
15_50%_xz_-6_32,asyoulik,0.097,44544
16_75%_lzma_-3_16,asyoulik,0.06,47437
17_75%_lzma_-6_32,asyoulik,0.097,44489
18_100%_lzma_-6_1,asyoulik,0.096,44489
19_75%_lzma_-3_1,asyoulik,0.064,47437
2_75%_xz_-9_16,asyoulik,0.113,44544
20_75%_lzma_-6_1,asyoulik,0.095,44489
21_75%_lzma_-6_16,asyoulik,0.094,44489
22_100%_xz_-9_32,asyoulik,0.109,44544
23_100%_xz_-9_16,asyoulik,0.114,44544
24_50%_lzma_-9_32,asyoulik,0.105,44489
25_50%_lzma_-3_32,asyoulik,0.057,47437
26_100%_xz_-3_1,asyoulik,0.058,47484
27_100%_lzma_-9_16,asyoulik,0.105,44489
28_100%_lzma_-3_1,asyoulik,0.061,47437
29_50%_lzma_-6_1,asyoulik,0.1,44489
3_100%_xz_-6_32,asyoulik,0.099,44544
4_50%_lzma_-3_1,asyoulik,0.059,47437
5_75%_xz_-3_1,asyoulik,0.06,47484
6_100%_lzma_-6_16,asyoulik,0.093,44489
7_75%_xz_-6_32,asyoulik,0.104,44544
8_50%_xz_-3_32,asyoulik,0.069,47492
9_75%_xz_-9_32,asyoulik,0.117,44544
0_75%_xz_-3_16,sao,2.826,4853744
1_50%_xz_-3_1,sao,2.826,4853736
10_100%_xz_-9_1,sao,3.532,4415072
11_50%_lzma_-6_16,sao,3.648,4414351
12_75%_xz_-3_32,sao,2.853,4853744
13_50%_lzma_-3_16,sao,2.834,4852943
14_50%_lzma_-6_32,sao,3.642,4414351
15_50%_xz_-6_32,sao,3.622,4415080
16_75%_lzma_-3_16,sao,2.88,4852943
17_75%_lzma_-6_32,sao,3.65,4414351
18_100%_lzma_-6_1,sao,3.668,4414351
19_75%_lzma_-3_1,sao,2.88,4852943
2_75%_xz_-9_16,sao,3.592,4415080
20_75%_lzma_-6_1,sao,3.681,4414351
21_75%_lzma_-6_16,sao,3.683,4414351
22_100%_xz_-9_32,sao,3.641,4415080
23_100%_xz_-9_16,sao,3.594,4415080
24_50%_lzma_-9_32,sao,3.565,4414351
25_50%_lzma_-3_32,sao,2.874,4852943
26_100%_xz_-3_1,sao,2.84,4853736
27_100%_lzma_-9_16,sao,3.587,4414351
28_100%_lzma_-3_1,sao,2.829,4852943
29_50%_lzma_-6_1,sao,3.632,4414351
3_100%_xz_-6_32,sao,3.641,4415080
4_50%_lzma_-3_1,sao,2.805,4852943
5_75%_xz_-3_1,sao,2.808,4853736
6_100%_lzma_-6_16,sao,3.614,4414351
7_75%_xz_-6_32,sao,3.665,4415080
8_50%_xz_-3_32,sao,2.862,4853744
9_75%_xz_-9_32,sao,3.565,4415080
0_75%_xz_-3_16,webster,5.251,10432656
1_50%_xz_-3_1,webster,12.469,10362252
10_100%_xz_-9_1,webster,34.422,8385868
11_50%_lzma_-6_16,webster,29.8,8627467
12_75%_xz_-3_32,webster,5.202,10432656
13_50%_lzma_-3_16,webster,12.339,10360607
14_50%_lzma_-6_32,webster,29.863,8627467
15_50%_xz_-6_32,webster,18.617,8712308
16_75%_lzma_-3_16,webster,12.453,10360607
17_75%_lzma_-6_32,webster,29.87,8627467
18_100%_lzma_-6_1,webster,29.758,8627467
19_75%_lzma_-3_1,webster,12.431,10360607
2_75%_xz_-9_16,webster,34.305,8385876
20_75%_lzma_-6_1,webster,29.651,8627467
21_75%_lzma_-6_16,webster,29.899,8627467
22_100%_xz_-9_32,webster,34.413,8385876
23_100%_xz_-9_16,webster,34.368,8385876
24_50%_lzma_-9_32,webster,34.509,8384529
25_50%_lzma_-3_32,webster,12.524,10360607
26_100%_xz_-3_1,webster,12.344,10362252
27_100%_lzma_-9_16,webster,34.389,8384529
28_100%_lzma_-3_1,webster,12.322,10360607
29_50%_lzma_-6_1,webster,29.754,8627467
3_100%_xz_-6_32,webster,18.632,8712308
4_50%_lzma_-3_1,webster,12.461,10360607
5_75%_xz_-3_1,webster,12.319,10362252
6_100%_lzma_-6_16,webster,29.764,8627467
7_75%_xz_-6_32,webster,18.758,8712308
8_50%_xz_-3_32,webster,5.21,10432656
9_75%_xz_-9_32,webster,34.479,8385876
0_75%_xz_-3_16,aaa,0.029,156
1_50%_xz_-3_1,aaa,0.032,148
10_100%_xz_-9_1,aaa,0.032,148
11_50%_lzma_-6_16,aaa,0.032,103
12_75%_xz_-3_32,aaa,0.028,156
13_50%_lzma_-3_16,aaa,0.031,103
14_50%_lzma_-6_32,aaa,0.03,103
15_50%_xz_-6_32,aaa,0.032,156
16_75%_lzma_-3_16,aaa,0.031,103
17_75%_lzma_-6_32,aaa,0.033,103
18_100%_lzma_-6_1,aaa,0.031,103
19_75%_lzma_-3_1,aaa,0.028,103
2_75%_xz_-9_16,aaa,0.034,156
20_75%_lzma_-6_1,aaa,0.031,103
21_75%_lzma_-6_16,aaa,0.032,103
22_100%_xz_-9_32,aaa,0.035,156
23_100%_xz_-9_16,aaa,0.031,156
24_50%_lzma_-9_32,aaa,0.031,103
25_50%_lzma_-3_32,aaa,0.027,103
26_100%_xz_-3_1,aaa,0.027,148
27_100%_lzma_-9_16,aaa,0.034,103
28_100%_lzma_-3_1,aaa,0.029,103
29_50%_lzma_-6_1,aaa,0.031,103
3_100%_xz_-6_32,aaa,0.034,156
4_50%_lzma_-3_1,aaa,0.028,103
5_75%_xz_-3_1,aaa,0.03,148
6_100%_lzma_-6_16,aaa,0.034,103
7_75%_xz_-6_32,aaa,0.033,156
8_50%_xz_-3_32,aaa,0.032,156
9_75%_xz_-9_32,aaa,0.038,156
0_75%_xz_-3_16,random,0.068,79404
1_50%_xz_-3_1,random,0.064,79396
10_100%_xz_-9_1,random,0.125,76824
11_50%_lzma_-6_16,random,0.075,76767
12_75%_xz_-3_32,random,0.069,79404
13_50%_lzma_-3_16,random,0.061,79340
14_50%_lzma_-6_32,random,0.078,76767
15_50%_xz_-6_32,random,0.082,76832
16_75%_lzma_-3_16,random,0.062,79340
17_75%_lzma_-6_32,random,0.075,76767
18_100%_lzma_-6_1,random,0.079,76767
19_75%_lzma_-3_1,random,0.06,79340
2_75%_xz_-9_16,random,0.137,76832
20_75%_lzma_-6_1,random,0.077,76767
21_75%_lzma_-6_16,random,0.077,76767
22_100%_xz_-9_32,random,0.134,76832
23_100%_xz_-9_16,random,0.131,76832
24_50%_lzma_-9_32,random,0.123,76767
25_50%_lzma_-3_32,random,0.062,79340
26_100%_xz_-3_1,random,0.061,79396
27_100%_lzma_-9_16,random,0.126,76767
28_100%_lzma_-3_1,random,0.063,79340
29_50%_lzma_-6_1,random,0.074,76767
3_100%_xz_-6_32,random,0.081,76832
4_50%_lzma_-3_1,random,0.063,79340
5_75%_xz_-3_1,random,0.064,79396
6_100%_lzma_-6_16,random,0.075,76767
7_75%_xz_-6_32,random,0.081,76832
8_50%_xz_-3_32,random,0.065,79404
9_75%_xz_-9_32,random,0.131,76832
0_75%_xz_-3_16,alphabet,0.035,184
1_50%_xz_-3_1,alphabet,0.026,176
10_100%_xz_-9_1,alphabet,0.032,176
11_50%_lzma_-6_16,alphabet,0.034,129
12_75%_xz_-3_32,alphabet,0.032,184
13_50%_lzma_-3_16,alphabet,0.03,129
14_50%_lzma_-6_32,alphabet,0.029,129
15_50%_xz_-6_32,alphabet,0.033,184
16_75%_lzma_-3_16,alphabet,0.027,129
17_75%_lzma_-6_32,alphabet,0.03,129
18_100%_lzma_-6_1,alphabet,0.035,129
19_75%_lzma_-3_1,alphabet,0.03,129
2_75%_xz_-9_16,alphabet,0.034,184
20_75%_lzma_-6_1,alphabet,0.032,129
21_75%_lzma_-6_16,alphabet,0.032,129
22_100%_xz_-9_32,alphabet,0.034,184
23_100%_xz_-9_16,alphabet,0.037,184
24_50%_lzma_-9_32,alphabet,0.032,129
25_50%_lzma_-3_32,alphabet,0.031,129
26_100%_xz_-3_1,alphabet,0.031,176
27_100%_lzma_-9_16,alphabet,0.032,129
28_100%_lzma_-3_1,alphabet,0.03,129
29_50%_lzma_-6_1,alphabet,0.031,129
3_100%_xz_-6_32,alphabet,0.034,184
4_50%_lzma_-3_1,alphabet,0.03,129
5_75%_xz_-3_1,alphabet,0.027,176
6_100%_lzma_-6_16,alphabet,0.031,129
7_75%_xz_-6_32,alphabet,0.034,184
8_50%_xz_-3_32,alphabet,0.033,184
9_75%_xz_-9_32,alphabet,0.034,184
0_75%_xz_-3_16,ooffice,1.801,2618072
1_50%_xz_-3_1,ooffice,1.811,2618064
10_100%_xz_-9_1,ooffice,2.954,2426816
11_50%_lzma_-6_16,ooffice,3.005,2426397
12_75%_xz_-3_32,ooffice,1.825,2618072
13_50%_lzma_-3_16,ooffice,1.837,2617615
14_50%_lzma_-6_32,ooffice,2.916,2426397
15_50%_xz_-6_32,ooffice,2.98,2426824
16_75%_lzma_-3_16,ooffice,1.808,2617615
17_75%_lzma_-6_32,ooffice,2.93,2426397
18_100%_lzma_-6_1,ooffice,2.976,2426397
19_75%_lzma_-3_1,ooffice,1.792,2617615
2_75%_xz_-9_16,ooffice,2.975,2426824
20_75%_lzma_-6_1,ooffice,2.942,2426397
21_75%_lzma_-6_16,ooffice,2.968,2426397
22_100%_xz_-9_32,ooffice,2.993,2426824
23_100%_xz_-9_16,ooffice,2.982,2426824
24_50%_lzma_-9_32,ooffice,2.981,2426397
25_50%_lzma_-3_32,ooffice,1.795,2617615
26_100%_xz_-3_1,ooffice,1.811,2618064
27_100%_lzma_-9_16,ooffice,2.96,2426397
28_100%_lzma_-3_1,ooffice,1.774,2617615
29_50%_lzma_-6_1,ooffice,2.912,2426397
3_100%_xz_-6_32,ooffice,2.97,2426824
4_50%_lzma_-3_1,ooffice,1.78,2617615
5_75%_xz_-3_1,ooffice,1.814,2618064
6_100%_lzma_-6_16,ooffice,2.962,2426397
7_75%_xz_-6_32,ooffice,2.937,2426824
8_50%_xz_-3_32,ooffice,1.82,2618072
9_75%_xz_-9_32,ooffice,2.948,2426824
0_75%_xz_-3_16,trans,0.048,17820
1_50%_xz_-3_1,trans,0.044,17812
10_100%_xz_-9_1,trans,0.083,16720
11_50%_lzma_-6_16,trans,0.073,16675
12_75%_xz_-3_32,trans,0.053,17820
13_50%_lzma_-3_16,trans,0.045,17767
14_50%_lzma_-6_32,trans,0.072,16675
15_50%_xz_-6_32,trans,0.078,16728
16_75%_lzma_-3_16,trans,0.044,17767
17_75%_lzma_-6_32,trans,0.074,16675
18_100%_lzma_-6_1,trans,0.071,16675
19_75%_lzma_-3_1,trans,0.044,17767
2_75%_xz_-9_16,trans,0.093,16728
20_75%_lzma_-6_1,trans,0.073,16675
21_75%_lzma_-6_16,trans,0.074,16675
22_100%_xz_-9_32,trans,0.088,16728
23_100%_xz_-9_16,trans,0.09,16728
24_50%_lzma_-9_32,trans,0.084,16675
25_50%_lzma_-3_32,trans,0.045,17767
26_100%_xz_-3_1,trans,0.046,17812
27_100%_lzma_-9_16,trans,0.086,16675
28_100%_lzma_-3_1,trans,0.048,17767
29_50%_lzma_-6_1,trans,0.075,16675
3_100%_xz_-6_32,trans,0.079,16728
4_50%_lzma_-3_1,trans,0.048,17767
5_75%_xz_-3_1,trans,0.05,17812
6_100%_lzma_-6_16,trans,0.077,16675
7_75%_xz_-6_32,trans,0.08,16728
8_50%_xz_-3_32,trans,0.051,17820
9_75%_xz_-9_32,trans,0.087,16728
0_75%_xz_-3_16,paper6,0.045,13068
1_50%_xz_-3_1,paper6,0.046,13060
10_100%_xz_-9_1,paper6,0.066,12504
11_50%_lzma_-6_16,paper6,0.052,12458
12_75%_xz_-3_32,paper6,0.043,13068
13_50%_lzma_-3_16,paper6,0.042,13013
14_50%_lzma_-6_32,paper6,0.058,12458
15_50%_xz_-6_32,paper6,0.063,12512
16_75%_lzma_-3_16,paper6,0.043,13013
17_75%_lzma_-6_32,paper6,0.057,12458
18_100%_lzma_-6_1,paper6,0.057,12458
19_75%_lzma_-3_1,paper6,0.043,13013
2_75%_xz_-9_16,paper6,0.072,12512
20_75%_lzma_-6_1,paper6,0.053,12458
21_75%_lzma_-6_16,paper6,0.057,12458
22_100%_xz_-9_32,paper6,0.067,12512
23_100%_xz_-9_16,paper6,0.071,12512
24_50%_lzma_-9_32,paper6,0.064,12458
25_50%_lzma_-3_32,paper6,0.043,13013
26_100%_xz_-3_1,paper6,0.04,13060
27_100%_lzma_-9_16,paper6,0.064,12458
28_100%_lzma_-3_1,paper6,0.043,13013
29_50%_lzma_-6_1,paper6,0.059,12458
3_100%_xz_-6_32,paper6,0.061,12512
4_50%_lzma_-3_1,paper6,0.043,13013
5_75%_xz_-3_1,paper6,0.044,13060
6_100%_lzma_-6_16,paper6,0.06,12458
7_75%_xz_-6_32,paper6,0.059,12512
8_50%_xz_-3_32,paper6,0.047,13068
9_75%_xz_-9_32,paper6,0.07,12512
0_75%_xz_-3_16,dickens,4.025,3382420
1_50%_xz_-3_1,dickens,3.932,3382412
10_100%_xz_-9_1,dickens,8.077,2830604
11_50%_lzma_-6_16,dickens,7.934,2831189
12_75%_xz_-3_32,dickens,4.004,3382420
13_50%_lzma_-3_16,dickens,4.007,3381840
14_50%_lzma_-6_32,dickens,7.99,2831189
15_50%_xz_-6_32,dickens,7.969,2831684
16_75%_lzma_-3_16,dickens,3.961,3381840
17_75%_lzma_-6_32,dickens,7.994,2831189
18_100%_lzma_-6_1,dickens,7.988,2831189
19_75%_lzma_-3_1,dickens,3.945,3381840
2_75%_xz_-9_16,dickens,8.113,2830612
20_75%_lzma_-6_1,dickens,7.955,2831189
21_75%_lzma_-6_16,dickens,7.961,2831189
22_100%_xz_-9_32,dickens,8.118,2830612
23_100%_xz_-9_16,dickens,8.089,2830612
24_50%_lzma_-9_32,dickens,8.104,2830116
25_50%_lzma_-3_32,dickens,4.007,3381840
26_100%_xz_-3_1,dickens,3.963,3382412
27_100%_lzma_-9_16,dickens,8.067,2830116
28_100%_lzma_-3_1,dickens,3.959,3381840
29_50%_lzma_-6_1,dickens,7.959,2831189
3_100%_xz_-6_32,dickens,7.91,2831684
4_50%_lzma_-3_1,dickens,3.97,3381840
5_75%_xz_-3_1,dickens,3.948,3382412
6_100%_lzma_-6_16,dickens,7.955,2831189
7_75%_xz_-6_32,dickens,7.948,2831684
8_50%_xz_-3_32,dickens,3.998,3382420
9_75%_xz_-9_32,dickens,8.097,2830612
0_75%_xz_-3_16,book1,0.242,287368
1_50%_xz_-3_1,book1,0.228,287360
10_100%_xz_-9_1,book1,0.428,261116
11_50%_lzma_-6_16,book1,0.403,261032
12_75%_xz_-3_32,book1,0.23,287368
13_50%_lzma_-3_16,book1,0.247,287278
14_50%_lzma_-6_32,book1,0.438,261032
15_50%_xz_-6_32,book1,0.407,261124
16_75%_lzma_-3_16,book1,0.244,287278
17_75%_lzma_-6_32,book1,0.404,261032
18_100%_lzma_-6_1,book1,0.441,261032
19_75%_lzma_-3_1,book1,0.247,287278
2_75%_xz_-9_16,book1,0.463,261124
20_75%_lzma_-6_1,book1,0.431,261032
21_75%_lzma_-6_16,book1,0.423,261032
22_100%_xz_-9_32,book1,0.435,261124
23_100%_xz_-9_16,book1,0.436,261124
24_50%_lzma_-9_32,book1,0.43,261032
25_50%_lzma_-3_32,book1,0.246,287278
26_100%_xz_-3_1,book1,0.225,287360
27_100%_lzma_-9_16,book1,0.425,261032
28_100%_lzma_-3_1,book1,0.248,287278
29_50%_lzma_-6_1,book1,0.429,261032
3_100%_xz_-6_32,book1,0.408,261124
4_50%_lzma_-3_1,book1,0.224,287278
5_75%_xz_-3_1,book1,0.222,287360
6_100%_lzma_-6_16,book1,0.415,261032
7_75%_xz_-6_32,book1,0.443,261124
8_50%_xz_-3_32,book1,0.249,287368
9_75%_xz_-9_32,book1,0.435,261124
0_75%_xz_-3_16,ptt5,0.074,48408
1_50%_xz_-3_1,ptt5,0.071,48400
10_100%_xz_-9_1,ptt5,0.231,41992
11_50%_lzma_-6_16,ptt5,0.2,41945
12_75%_xz_-3_32,ptt5,0.069,48408
13_50%_lzma_-3_16,ptt5,0.071,48356
14_50%_lzma_-6_32,ptt5,0.202,41945
15_50%_xz_-6_32,ptt5,0.204,42000
16_75%_lzma_-3_16,ptt5,0.069,48356
17_75%_lzma_-6_32,ptt5,0.209,41945
18_100%_lzma_-6_1,ptt5,0.202,41945
19_75%_lzma_-3_1,ptt5,0.069,48356
2_75%_xz_-9_16,ptt5,0.232,42000
20_75%_lzma_-6_1,ptt5,0.204,41945
21_75%_lzma_-6_16,ptt5,0.201,41945
22_100%_xz_-9_32,ptt5,0.232,42000
23_100%_xz_-9_16,ptt5,0.23,42000
24_50%_lzma_-9_32,ptt5,0.224,41945
25_50%_lzma_-3_32,ptt5,0.07,48356
26_100%_xz_-3_1,ptt5,0.069,48400
27_100%_lzma_-9_16,ptt5,0.227,41945
28_100%_lzma_-3_1,ptt5,0.066,48356
29_50%_lzma_-6_1,ptt5,0.206,41945
3_100%_xz_-6_32,ptt5,0.209,42000
4_50%_lzma_-3_1,ptt5,0.069,48356
5_75%_xz_-3_1,ptt5,0.069,48400
6_100%_lzma_-6_16,ptt5,0.202,41945
7_75%_xz_-6_32,ptt5,0.207,42000
8_50%_xz_-3_32,ptt5,0.072,48408
9_75%_xz_-9_32,ptt5,0.228,42000
0_75%_xz_-3_16,paper5,0.039,5048
1_50%_xz_-3_1,paper5,0.039,5040
10_100%_xz_-9_1,paper5,0.047,4900
11_50%_lzma_-6_16,paper5,0.046,4853
12_75%_xz_-3_32,paper5,0.036,5048
13_50%_lzma_-3_16,paper5,0.036,4996
14_50%_lzma_-6_32,paper5,0.042,4853
15_50%_xz_-6_32,paper5,0.042,4908
16_75%_lzma_-3_16,paper5,0.037,4996
17_75%_lzma_-6_32,paper5,0.04,4853
18_100%_lzma_-6_1,paper5,0.044,4853
19_75%_lzma_-3_1,paper5,0.036,4996
2_75%_xz_-9_16,paper5,0.052,4908
20_75%_lzma_-6_1,paper5,0.045,4853
21_75%_lzma_-6_16,paper5,0.044,4853
22_100%_xz_-9_32,paper5,0.053,4908
23_100%_xz_-9_16,paper5,0.051,4908
24_50%_lzma_-9_32,paper5,0.043,4853
25_50%_lzma_-3_32,paper5,0.036,4996
26_100%_xz_-3_1,paper5,0.041,5040
27_100%_lzma_-9_16,paper5,0.044,4853
28_100%_lzma_-3_1,paper5,0.035,4996
29_50%_lzma_-6_1,paper5,0.045,4853
3_100%_xz_-6_32,paper5,0.045,4908
4_50%_lzma_-3_1,paper5,0.041,4996
5_75%_xz_-3_1,paper5,0.038,5040
6_100%_lzma_-6_16,paper5,0.043,4853
7_75%_xz_-6_32,paper5,0.049,4908
8_50%_xz_-3_32,paper5,0.04,5048
9_75%_xz_-9_32,paper5,0.051,4908
0_75%_xz_-3_16,book2,0.174,186004
1_50%_xz_-3_1,book2,0.158,185996
10_100%_xz_-9_1,book2,0.376,169824
11_50%_lzma_-6_16,book2,0.344,169760
12_75%_xz_-3_32,book2,0.15,186004
13_50%_lzma_-3_16,book2,0.161,185921
14_50%_lzma_-6_32,book2,0.331,169760
15_50%_xz_-6_32,book2,0.339,169832
16_75%_lzma_-3_16,book2,0.145,185921
17_75%_lzma_-6_32,book2,0.292,169760
18_100%_lzma_-6_1,book2,0.326,169760
19_75%_lzma_-3_1,book2,0.145,185921
2_75%_xz_-9_16,book2,0.333,169832
20_75%_lzma_-6_1,book2,0.294,169760
21_75%_lzma_-6_16,book2,0.296,169760
22_100%_xz_-9_32,book2,0.367,169832
23_100%_xz_-9_16,book2,0.373,169832
24_50%_lzma_-9_32,book2,0.33,169760
25_50%_lzma_-3_32,book2,0.158,185921
26_100%_xz_-3_1,book2,0.147,185996
27_100%_lzma_-9_16,book2,0.361,169760
28_100%_lzma_-3_1,book2,0.145,185921
29_50%_lzma_-6_1,book2,0.296,169760
3_100%_xz_-6_32,book2,0.333,169832
4_50%_lzma_-3_1,book2,0.146,185921
5_75%_xz_-3_1,book2,0.149,185996
6_100%_lzma_-6_16,book2,0.327,169760
7_75%_xz_-6_32,book2,0.3,169832
8_50%_xz_-3_32,book2,0.167,186004
9_75%_xz_-9_32,book2,0.336,169832
0_75%_xz_-3_16,osdb,2.263,3272448
1_50%_xz_-3_1,osdb,2.236,3272440
10_100%_xz_-9_1,osdb,5.633,2849908
11_50%_lzma_-6_16,osdb,5.519,2849620
12_75%_xz_-3_32,osdb,2.305,3272448
13_50%_lzma_-3_16,osdb,2.248,3271884
14_50%_lzma_-6_32,osdb,5.495,2849620
15_50%_xz_-6_32,osdb,5.49,2850112
16_75%_lzma_-3_16,osdb,2.24,3271884
17_75%_lzma_-6_32,osdb,5.527,2849620
18_100%_lzma_-6_1,osdb,5.51,2849620
19_75%_lzma_-3_1,osdb,2.277,3271884
2_75%_xz_-9_16,osdb,5.594,2849916
20_75%_lzma_-6_1,osdb,5.536,2849620
21_75%_lzma_-6_16,osdb,5.509,2849620
22_100%_xz_-9_32,osdb,5.561,2849916
23_100%_xz_-9_16,osdb,5.639,2849916
24_50%_lzma_-9_32,osdb,5.588,2849422
25_50%_lzma_-3_32,osdb,2.228,3271884
26_100%_xz_-3_1,osdb,2.301,3272440
27_100%_lzma_-9_16,osdb,5.564,2849422
28_100%_lzma_-3_1,osdb,2.222,3271884
29_50%_lzma_-6_1,osdb,5.546,2849620
3_100%_xz_-6_32,osdb,5.477,2850112
4_50%_lzma_-3_1,osdb,2.247,3271884
5_75%_xz_-3_1,osdb,2.231,3272440
6_100%_lzma_-6_16,osdb,5.463,2849620
7_75%_xz_-6_32,osdb,5.506,2850112
8_50%_xz_-3_32,osdb,2.278,3272448
9_75%_xz_-9_32,osdb,5.578,2849916
0_75%_xz_-3_16,world192,0.492,550360
1_50%_xz_-3_1,world192,0.48,550352
10_100%_xz_-9_1,world192,1.224,487492
11_50%_lzma_-6_16,world192,1.158,487374
12_75%_xz_-3_32,world192,0.454,550360
13_50%_lzma_-3_16,world192,0.449,550228
14_50%_lzma_-6_32,world192,1.194,487374
15_50%_xz_-6_32,world192,1.189,487500
16_75%_lzma_-3_16,world192,0.446,550228
17_75%_lzma_-6_32,world192,1.195,487374
18_100%_lzma_-6_1,world192,1.212,487374
19_75%_lzma_-3_1,world192,0.462,550228
2_75%_xz_-9_16,world192,1.225,487500
20_75%_lzma_-6_1,world192,1.187,487374
21_75%_lzma_-6_16,world192,1.175,487374
22_100%_xz_-9_32,world192,1.254,487500
23_100%_xz_-9_16,world192,1.227,487500
24_50%_lzma_-9_32,world192,1.231,487374
25_50%_lzma_-3_32,world192,0.445,550228
26_100%_xz_-3_1,world192,0.478,550352
27_100%_lzma_-9_16,world192,1.213,487374
28_100%_lzma_-3_1,world192,0.452,550228
29_50%_lzma_-6_1,world192,1.193,487374
3_100%_xz_-6_32,world192,1.199,487500
4_50%_lzma_-3_1,world192,0.441,550228
5_75%_xz_-3_1,world192,0.45,550352
6_100%_lzma_-6_16,world192,1.161,487374
7_75%_xz_-6_32,world192,1.193,487500
8_50%_xz_-3_32,world192,0.456,550360
9_75%_xz_-9_32,world192,1.249,487500
0_75%_xz_-3_16,Ecoli,1.049,1335616
1_50%_xz_-3_1,Ecoli,1.028,1335608
10_100%_xz_-9_1,Ecoli,4.462,1186488
11_50%_lzma_-6_16,Ecoli,4.424,1186258
12_75%_xz_-3_32,Ecoli,1.019,1335616
13_50%_lzma_-3_16,Ecoli,0.994,1335356
14_50%_lzma_-6_32,Ecoli,4.435,1186258
15_50%_xz_-6_32,Ecoli,4.452,1186496
16_75%_lzma_-3_16,Ecoli,1.021,1335356
17_75%_lzma_-6_32,Ecoli,4.439,1186258
18_100%_lzma_-6_1,Ecoli,4.45,1186258
19_75%_lzma_-3_1,Ecoli,1.073,1335356
2_75%_xz_-9_16,Ecoli,4.418,1186496
20_75%_lzma_-6_1,Ecoli,4.431,1186258
21_75%_lzma_-6_16,Ecoli,4.403,1186258
22_100%_xz_-9_32,Ecoli,4.448,1186496
23_100%_xz_-9_16,Ecoli,4.445,1186496
24_50%_lzma_-9_32,Ecoli,4.412,1186258
25_50%_lzma_-3_32,Ecoli,1.022,1335356
26_100%_xz_-3_1,Ecoli,0.992,1335608
27_100%_lzma_-9_16,Ecoli,4.445,1186258
28_100%_lzma_-3_1,Ecoli,0.99,1335356
29_50%_lzma_-6_1,Ecoli,4.406,1186258
3_100%_xz_-6_32,Ecoli,4.447,1186496
4_50%_lzma_-3_1,Ecoli,1.021,1335356
5_75%_xz_-3_1,Ecoli,1.034,1335608
6_100%_lzma_-6_16,Ecoli,4.431,1186258
7_75%_xz_-6_32,Ecoli,4.441,1186496
8_50%_xz_-3_32,Ecoli,1.022,1335616
9_75%_xz_-9_32,Ecoli,4.458,1186496
0_75%_xz_-3_16,paper4,0.041,5616
1_50%_xz_-3_1,paper4,0.037,5608
10_100%_xz_-9_1,paper4,0.045,5408
11_50%_lzma_-6_16,paper4,0.045,5364
12_75%_xz_-3_32,paper4,0.037,5616
13_50%_lzma_-3_16,paper4,0.04,5561
14_50%_lzma_-6_32,paper4,0.044,5364
15_50%_xz_-6_32,paper4,0.045,5416
16_75%_lzma_-3_16,paper4,0.039,5561
17_75%_lzma_-6_32,paper4,0.045,5364
18_100%_lzma_-6_1,paper4,0.043,5364
19_75%_lzma_-3_1,paper4,0.033,5561
2_75%_xz_-9_16,paper4,0.046,5416
20_75%_lzma_-6_1,paper4,0.043,5364
21_75%_lzma_-6_16,paper4,0.043,5364
22_100%_xz_-9_32,paper4,0.049,5416
23_100%_xz_-9_16,paper4,0.049,5416
24_50%_lzma_-9_32,paper4,0.048,5364
25_50%_lzma_-3_32,paper4,0.036,5561
26_100%_xz_-3_1,paper4,0.039,5608
27_100%_lzma_-9_16,paper4,0.046,5364
28_100%_lzma_-3_1,paper4,0.042,5561
29_50%_lzma_-6_1,paper4,0.047,5364
3_100%_xz_-6_32,paper4,0.047,5416
4_50%_lzma_-3_1,paper4,0.037,5561
5_75%_xz_-3_1,paper4,0.04,5608
6_100%_lzma_-6_16,paper4,0.047,5364
7_75%_xz_-6_32,paper4,0.051,5416
8_50%_xz_-3_32,paper4,0.037,5616
9_75%_xz_-9_32,paper4,0.049,5416
0_75%_xz_-3_16,fieldsc,0.042,3164
1_50%_xz_-3_1,fieldsc,0.034,3156
10_100%_xz_-9_1,fieldsc,0.042,3028
11_50%_lzma_-6_16,fieldsc,0.04,2981
12_75%_xz_-3_32,fieldsc,0.04,3164
13_50%_lzma_-3_16,fieldsc,0.033,3111
14_50%_lzma_-6_32,fieldsc,0.039,2981
15_50%_xz_-6_32,fieldsc,0.04,3036
16_75%_lzma_-3_16,fieldsc,0.032,3111
17_75%_lzma_-6_32,fieldsc,0.039,2981
18_100%_lzma_-6_1,fieldsc,0.04,2981
19_75%_lzma_-3_1,fieldsc,0.033,3111
2_75%_xz_-9_16,fieldsc,0.046,3036
20_75%_lzma_-6_1,fieldsc,0.04,2981
21_75%_lzma_-6_16,fieldsc,0.038,2981
22_100%_xz_-9_32,fieldsc,0.043,3036
23_100%_xz_-9_16,fieldsc,0.046,3036
24_50%_lzma_-9_32,fieldsc,0.04,2981
25_50%_lzma_-3_32,fieldsc,0.034,3111
26_100%_xz_-3_1,fieldsc,0.039,3156
27_100%_lzma_-9_16,fieldsc,0.044,2981
28_100%_lzma_-3_1,fieldsc,0.034,3111
29_50%_lzma_-6_1,fieldsc,0.04,2981
3_100%_xz_-6_32,fieldsc,0.044,3036
4_50%_lzma_-3_1,fieldsc,0.037,3111
5_75%_xz_-3_1,fieldsc,0.035,3156
6_100%_lzma_-6_16,fieldsc,0.041,2981
7_75%_xz_-6_32,fieldsc,0.046,3036
8_50%_xz_-3_32,fieldsc,0.04,3164
9_75%_xz_-9_32,fieldsc,0.043,3036
0_75%_xz_-3_16,bib,0.058,32844
1_50%_xz_-3_1,bib,0.055,32836
10_100%_xz_-9_1,bib,0.103,30588
11_50%_lzma_-6_16,bib,0.089,30543
12_75%_xz_-3_32,bib,0.058,32844
13_50%_lzma_-3_16,bib,0.054,32789
14_50%_lzma_-6_32,bib,0.087,30543
15_50%_xz_-6_32,bib,0.093,30596
16_75%_lzma_-3_16,bib,0.053,32789
17_75%_lzma_-6_32,bib,0.089,30543
18_100%_lzma_-6_1,bib,0.085,30543
19_75%_lzma_-3_1,bib,0.051,32789
2_75%_xz_-9_16,bib,0.106,30596
20_75%_lzma_-6_1,bib,0.088,30543
21_75%_lzma_-6_16,bib,0.086,30543
22_100%_xz_-9_32,bib,0.105,30596
23_100%_xz_-9_16,bib,0.107,30596
24_50%_lzma_-9_32,bib,0.101,30543
25_50%_lzma_-3_32,bib,0.054,32789
26_100%_xz_-3_1,bib,0.05,32836
27_100%_lzma_-9_16,bib,0.104,30543
28_100%_lzma_-3_1,bib,0.057,32789
29_50%_lzma_-6_1,bib,0.088,30543
3_100%_xz_-6_32,bib,0.091,30596
4_50%_lzma_-3_1,bib,0.051,32789
5_75%_xz_-3_1,bib,0.054,32836
6_100%_lzma_-6_16,bib,0.094,30543
7_75%_xz_-6_32,bib,0.094,30596
8_50%_xz_-3_32,bib,0.057,32844
9_75%_xz_-9_32,bib,0.109,30596
0_75%_xz_-3_16,obj1,0.045,9608
1_50%_xz_-3_1,obj1,0.041,9600
10_100%_xz_-9_1,obj1,0.066,9428
11_50%_lzma_-6_16,obj1,0.048,9381
12_75%_xz_-3_32,obj1,0.047,9608
13_50%_lzma_-3_16,obj1,0.04,9555
14_50%_lzma_-6_32,obj1,0.047,9381
15_50%_xz_-6_32,obj1,0.055,9436
16_75%_lzma_-3_16,obj1,0.039,9555
17_75%_lzma_-6_32,obj1,0.049,9381
18_100%_lzma_-6_1,obj1,0.046,9381
19_75%_lzma_-3_1,obj1,0.041,9555
2_75%_xz_-9_16,obj1,0.066,9436
20_75%_lzma_-6_1,obj1,0.05,9381
21_75%_lzma_-6_16,obj1,0.051,9381
22_100%_xz_-9_32,obj1,0.073,9436
23_100%_xz_-9_16,obj1,0.068,9436
24_50%_lzma_-9_32,obj1,0.064,9381
25_50%_lzma_-3_32,obj1,0.041,9555
26_100%_xz_-3_1,obj1,0.037,9600
27_100%_lzma_-9_16,obj1,0.062,9381
28_100%_lzma_-3_1,obj1,0.044,9555
29_50%_lzma_-6_1,obj1,0.052,9381
3_100%_xz_-6_32,obj1,0.051,9436
4_50%_lzma_-3_1,obj1,0.043,9555
5_75%_xz_-3_1,obj1,0.042,9600
6_100%_lzma_-6_16,obj1,0.051,9381
7_75%_xz_-6_32,obj1,0.051,9436
8_50%_xz_-3_32,obj1,0.045,9608
9_75%_xz_-9_32,obj1,0.07,9436
0_75%_xz_-3_16,paper1,0.048,18124
1_50%_xz_-3_1,paper1,0.049,18116
10_100%_xz_-9_1,paper1,0.074,17280
11_50%_lzma_-6_16,paper1,0.065,17233
12_75%_xz_-3_32,paper1,0.044,18124
13_50%_lzma_-3_16,paper1,0.045,18069
14_50%_lzma_-6_32,paper1,0.062,17233
15_50%_xz_-6_32,paper1,0.07,17288
16_75%_lzma_-3_16,paper1,0.045,18069
17_75%_lzma_-6_32,paper1,0.064,17233
18_100%_lzma_-6_1,paper1,0.066,17233
19_75%_lzma_-3_1,paper1,0.045,18069
2_75%_xz_-9_16,paper1,0.078,17288
20_75%_lzma_-6_1,paper1,0.067,17233
21_75%_lzma_-6_16,paper1,0.06,17233
22_100%_xz_-9_32,paper1,0.079,17288
23_100%_xz_-9_16,paper1,0.077,17288
24_50%_lzma_-9_32,paper1,0.075,17233
25_50%_lzma_-3_32,paper1,0.043,18069
26_100%_xz_-3_1,paper1,0.042,18116
27_100%_lzma_-9_16,paper1,0.074,17233
28_100%_lzma_-3_1,paper1,0.044,18069
29_50%_lzma_-6_1,paper1,0.066,17233
3_100%_xz_-6_32,paper1,0.071,17288
4_50%_lzma_-3_1,paper1,0.049,18069
5_75%_xz_-3_1,paper1,0.045,18116
6_100%_lzma_-6_16,paper1,0.063,17233
7_75%_xz_-6_32,paper1,0.068,17288
8_50%_xz_-3_32,paper1,0.048,18124
9_75%_xz_-9_32,paper1,0.079,17288
0_75%_xz_-3_16,obj2,0.073,66644
1_50%_xz_-3_1,obj2,0.071,66636
10_100%_xz_-9_1,obj2,0.181,61504
11_50%_lzma_-6_16,obj2,0.132,61460
12_75%_xz_-3_32,obj2,0.071,66644
13_50%_lzma_-3_16,obj2,0.07,66582
14_50%_lzma_-6_32,obj2,0.135,61460
15_50%_xz_-6_32,obj2,0.138,61512
16_75%_lzma_-3_16,obj2,0.07,66582
17_75%_lzma_-6_32,obj2,0.133,61460
18_100%_lzma_-6_1,obj2,0.134,61460
19_75%_lzma_-3_1,obj2,0.066,66582
2_75%_xz_-9_16,obj2,0.186,61512
20_75%_lzma_-6_1,obj2,0.136,61460
21_75%_lzma_-6_16,obj2,0.133,61460
22_100%_xz_-9_32,obj2,0.185,61512
23_100%_xz_-9_16,obj2,0.184,61512
24_50%_lzma_-9_32,obj2,0.176,61460
25_50%_lzma_-3_32,obj2,0.065,66582
26_100%_xz_-3_1,obj2,0.068,66636
27_100%_lzma_-9_16,obj2,0.176,61460
28_100%_lzma_-3_1,obj2,0.068,66582
29_50%_lzma_-6_1,obj2,0.133,61460
3_100%_xz_-6_32,obj2,0.137,61512
4_50%_lzma_-3_1,obj2,0.067,66582
5_75%_xz_-3_1,obj2,0.069,66636
6_100%_lzma_-6_16,obj2,0.138,61460
7_75%_xz_-6_32,obj2,0.138,61512
8_50%_xz_-3_32,obj2,0.073,66644
9_75%_xz_-9_32,obj2,0.185,61512
0_75%_xz_-3_16,paper3,0.046,17900
1_50%_xz_-3_1,paper3,0.046,17892
10_100%_xz_-9_1,paper3,0.069,17064
11_50%_lzma_-6_16,paper3,0.058,17019
12_75%_xz_-3_32,paper3,0.046,17900
13_50%_lzma_-3_16,paper3,0.046,17845
14_50%_lzma_-6_32,paper3,0.055,17019
15_50%_xz_-6_32,paper3,0.056,17072
16_75%_lzma_-3_16,paper3,0.044,17845
17_75%_lzma_-6_32,paper3,0.06,17019
18_100%_lzma_-6_1,paper3,0.058,17019
19_75%_lzma_-3_1,paper3,0.045,17845
2_75%_xz_-9_16,paper3,0.075,17072
20_75%_lzma_-6_1,paper3,0.06,17019
21_75%_lzma_-6_16,paper3,0.061,17019
22_100%_xz_-9_32,paper3,0.072,17072
23_100%_xz_-9_16,paper3,0.072,17072
24_50%_lzma_-9_32,paper3,0.07,17019
25_50%_lzma_-3_32,paper3,0.046,17845
26_100%_xz_-3_1,paper3,0.051,17892
27_100%_lzma_-9_16,paper3,0.068,17019
28_100%_lzma_-3_1,paper3,0.046,17845
29_50%_lzma_-6_1,paper3,0.062,17019
3_100%_xz_-6_32,paper3,0.063,17072
4_50%_lzma_-3_1,paper3,0.044,17845
5_75%_xz_-3_1,paper3,0.044,17892
6_100%_lzma_-6_16,paper3,0.064,17019
7_75%_xz_-6_32,paper3,0.059,17072
8_50%_xz_-3_32,paper3,0.046,17900
9_75%_xz_-9_32,paper3,0.075,17072
0_75%_xz_-3_16,grammar,0.031,1336
1_50%_xz_-3_1,grammar,0.033,1328
10_100%_xz_-9_1,grammar,0.033,1292
11_50%_lzma_-6_16,grammar,0.037,1247
12_75%_xz_-3_32,grammar,0.036,1336
13_50%_lzma_-3_16,grammar,0.028,1284
14_50%_lzma_-6_32,grammar,0.032,1247
15_50%_xz_-6_32,grammar,0.034,1300
16_75%_lzma_-3_16,grammar,0.031,1284
17_75%_lzma_-6_32,grammar,0.033,1247
18_100%_lzma_-6_1,grammar,0.036,1247
19_75%_lzma_-3_1,grammar,0.033,1284
2_75%_xz_-9_16,grammar,0.035,1300
20_75%_lzma_-6_1,grammar,0.037,1247
21_75%_lzma_-6_16,grammar,0.034,1247
22_100%_xz_-9_32,grammar,0.035,1300
23_100%_xz_-9_16,grammar,0.036,1300
24_50%_lzma_-9_32,grammar,0.036,1247
25_50%_lzma_-3_32,grammar,0.03,1284
26_100%_xz_-3_1,grammar,0.035,1328
27_100%_lzma_-9_16,grammar,0.034,1247
28_100%_lzma_-3_1,grammar,0.031,1284
29_50%_lzma_-6_1,grammar,0.033,1247
3_100%_xz_-6_32,grammar,0.04,1300
4_50%_lzma_-3_1,grammar,0.032,1284
5_75%_xz_-3_1,grammar,0.033,1328
6_100%_lzma_-6_16,grammar,0.034,1247
7_75%_xz_-6_32,grammar,0.04,1300
8_50%_xz_-3_32,grammar,0.031,1336
9_75%_xz_-9_32,grammar,0.033,1300
0_75%_xz_-3_16,xml,0.439,515656
1_50%_xz_-3_1,xml,0.467,515648
10_100%_xz_-9_1,xml,1.493,453260
11_50%_lzma_-6_16,xml,1.425,453144
12_75%_xz_-3_32,xml,0.463,515656
13_50%_lzma_-3_16,xml,0.467,515524
14_50%_lzma_-6_32,xml,1.406,453144
15_50%_xz_-6_32,xml,1.417,453268
16_75%_lzma_-3_16,xml,0.451,515524
17_75%_lzma_-6_32,xml,1.404,453144
18_100%_lzma_-6_1,xml,1.438,453144
19_75%_lzma_-3_1,xml,0.43,515524
2_75%_xz_-9_16,xml,1.504,453268
20_75%_lzma_-6_1,xml,1.432,453144
21_75%_lzma_-6_16,xml,1.44,453144
22_100%_xz_-9_32,xml,1.492,453268
23_100%_xz_-9_16,xml,1.469,453268
24_50%_lzma_-9_32,xml,1.48,453144
25_50%_lzma_-3_32,xml,0.459,515524
26_100%_xz_-3_1,xml,0.431,515648
27_100%_lzma_-9_16,xml,1.482,453144
28_100%_lzma_-3_1,xml,0.447,515524
29_50%_lzma_-6_1,xml,1.435,453144
3_100%_xz_-6_32,xml,1.433,453268
4_50%_lzma_-3_1,xml,0.461,515524
5_75%_xz_-3_1,xml,0.46,515648
6_100%_lzma_-6_16,xml,1.438,453144
7_75%_xz_-6_32,xml,1.488,453268
8_50%_xz_-3_32,xml,0.44,515656
9_75%_xz_-9_32,xml,1.476,453268
0_75%_xz_-3_16,paper2,0.06,28856
1_50%_xz_-3_1,paper2,0.052,28848
10_100%_xz_-9_1,paper2,0.084,27228
11_50%_lzma_-6_16,paper2,0.077,27183
12_75%_xz_-3_32,paper2,0.053,28856
13_50%_lzma_-3_16,paper2,0.051,28803
14_50%_lzma_-6_32,paper2,0.077,27183
15_50%_xz_-6_32,paper2,0.082,27236
16_75%_lzma_-3_16,paper2,0.052,28803
17_75%_lzma_-6_32,paper2,0.074,27183
18_100%_lzma_-6_1,paper2,0.077,27183
19_75%_lzma_-3_1,paper2,0.05,28803
2_75%_xz_-9_16,paper2,0.091,27236
20_75%_lzma_-6_1,paper2,0.078,27183
21_75%_lzma_-6_16,paper2,0.077,27183
22_100%_xz_-9_32,paper2,0.093,27236
23_100%_xz_-9_16,paper2,0.093,27236
24_50%_lzma_-9_32,paper2,0.087,27183
25_50%_lzma_-3_32,paper2,0.053,28803
26_100%_xz_-3_1,paper2,0.048,28848
27_100%_lzma_-9_16,paper2,0.089,27183
28_100%_lzma_-3_1,paper2,0.051,28803
29_50%_lzma_-6_1,paper2,0.079,27183
3_100%_xz_-6_32,paper2,0.083,27236
4_50%_lzma_-3_1,paper2,0.05,28803
5_75%_xz_-3_1,paper2,0.052,28848
6_100%_lzma_-6_16,paper2,0.078,27183
7_75%_xz_-6_32,paper2,0.085,27236
8_50%_xz_-3_32,paper2,0.055,28856
9_75%_xz_-9_32,paper2,0.092,27236
0_75%_xz_-3_16,progc,0.047,13136
1_50%_xz_-3_1,progc,0.042,13128
10_100%_xz_-9_1,progc,0.072,12560
11_50%_lzma_-6_16,progc,0.056,12516
12_75%_xz_-3_32,progc,0.039,13136
13_50%_lzma_-3_16,progc,0.043,13081
14_50%_lzma_-6_32,progc,0.06,12516
15_50%_xz_-6_32,progc,0.063,12568
16_75%_lzma_-3_16,progc,0.043,13081
17_75%_lzma_-6_32,progc,0.061,12516
18_100%_lzma_-6_1,progc,0.057,12516
19_75%_lzma_-3_1,progc,0.046,13081
2_75%_xz_-9_16,progc,0.068,12568
20_75%_lzma_-6_1,progc,0.06,12516
21_75%_lzma_-6_16,progc,0.056,12516
22_100%_xz_-9_32,progc,0.074,12568
23_100%_xz_-9_16,progc,0.074,12568
24_50%_lzma_-9_32,progc,0.069,12516
25_50%_lzma_-3_32,progc,0.044,13081
26_100%_xz_-3_1,progc,0.042,13128
27_100%_lzma_-9_16,progc,0.068,12516
28_100%_lzma_-3_1,progc,0.041,13081
29_50%_lzma_-6_1,progc,0.058,12516
3_100%_xz_-6_32,progc,0.058,12568
4_50%_lzma_-3_1,progc,0.045,13081
5_75%_xz_-3_1,progc,0.042,13128
6_100%_lzma_-6_16,progc,0.061,12516
7_75%_xz_-6_32,progc,0.066,12568
8_50%_xz_-3_32,progc,0.048,13136
9_75%_xz_-9_32,progc,0.073,12568
0_75%_xz_-3_16,kennedy,0.193,67600
1_50%_xz_-3_1,kennedy,0.182,67592
10_100%_xz_-9_1,kennedy,0.576,49116
11_50%_lzma_-6_16,kennedy,0.554,49071
12_75%_xz_-3_32,kennedy,0.168,67600
13_50%_lzma_-3_16,kennedy,0.162,67536
14_50%_lzma_-6_32,kennedy,0.563,49071
15_50%_xz_-6_32,kennedy,0.534,49124
16_75%_lzma_-3_16,kennedy,0.172,67536
17_75%_lzma_-6_32,kennedy,0.53,49071
18_100%_lzma_-6_1,kennedy,0.561,49071
19_75%_lzma_-3_1,kennedy,0.185,67536
2_75%_xz_-9_16,kennedy,0.566,49124
20_75%_lzma_-6_1,kennedy,0.526,49071
21_75%_lzma_-6_16,kennedy,0.553,49071
22_100%_xz_-9_32,kennedy,0.544,49124
23_100%_xz_-9_16,kennedy,0.569,49124
24_50%_lzma_-9_32,kennedy,0.564,49071
25_50%_lzma_-3_32,kennedy,0.18,67536
26_100%_xz_-3_1,kennedy,0.18,67592
27_100%_lzma_-9_16,kennedy,0.538,49071
28_100%_lzma_-3_1,kennedy,0.181,67536
29_50%_lzma_-6_1,kennedy,0.561,49071
3_100%_xz_-6_32,kennedy,0.566,49124
4_50%_lzma_-3_1,kennedy,0.18,67536
5_75%_xz_-3_1,kennedy,0.181,67592
6_100%_lzma_-6_16,kennedy,0.558,49071
7_75%_xz_-6_32,kennedy,0.532,49124
8_50%_xz_-3_32,kennedy,0.188,67600
9_75%_xz_-9_32,kennedy,0.574,49124
0_75%_xz_-3_16,news,0.111,126872
1_50%_xz_-3_1,news,0.106,126864
10_100%_xz_-9_1,news,0.236,118900
11_50%_lzma_-6_16,news,0.196,118846
12_75%_xz_-3_32,news,0.101,126872
13_50%_lzma_-3_16,news,0.101,126801
14_50%_lzma_-6_32,news,0.195,118846
15_50%_xz_-6_32,news,0.203,118908
16_75%_lzma_-3_16,news,0.101,126801
17_75%_lzma_-6_32,news,0.197,118846
18_100%_lzma_-6_1,news,0.199,118846
19_75%_lzma_-3_1,news,0.102,126801
2_75%_xz_-9_16,news,0.245,118908
20_75%_lzma_-6_1,news,0.194,118846
21_75%_lzma_-6_16,news,0.199,118846
22_100%_xz_-9_32,news,0.25,118908
23_100%_xz_-9_16,news,0.245,118908
24_50%_lzma_-9_32,news,0.239,118846
25_50%_lzma_-3_32,news,0.102,126801
26_100%_xz_-3_1,news,0.1,126864
27_100%_lzma_-9_16,news,0.238,118846
28_100%_lzma_-3_1,news,0.105,126801
29_50%_lzma_-6_1,news,0.193,118846
3_100%_xz_-6_32,news,0.201,118908
4_50%_lzma_-3_1,news,0.103,126801
5_75%_xz_-3_1,news,0.102,126864
6_100%_lzma_-6_16,news,0.193,118846
7_75%_xz_-6_32,news,0.199,118908
8_50%_xz_-3_32,news,0.109,126872
9_75%_xz_-9_32,news,0.246,118908
0_75%_xz_-3_16,mr,2.668,3001852
1_50%_xz_-3_1,mr,2.614,3001844
10_100%_xz_-9_1,mr,5.391,2750272
11_50%_lzma_-6_16,mr,5.261,2749760
12_75%_xz_-3_32,mr,2.636,3001852
13_50%_lzma_-3_16,mr,2.633,3001334
14_50%_lzma_-6_32,mr,5.209,2749760
15_50%_xz_-6_32,mr,5.23,2750236
16_75%_lzma_-3_16,mr,2.597,3001334
17_75%_lzma_-6_32,mr,5.242,2749760
18_100%_lzma_-6_1,mr,5.25,2749760
19_75%_lzma_-3_1,mr,2.658,3001334
2_75%_xz_-9_16,mr,5.329,2750280
20_75%_lzma_-6_1,mr,5.262,2749760
21_75%_lzma_-6_16,mr,5.27,2749760
22_100%_xz_-9_32,mr,5.336,2750280
23_100%_xz_-9_16,mr,5.298,2750280
24_50%_lzma_-9_32,mr,5.273,2749803
25_50%_lzma_-3_32,mr,2.619,3001334
26_100%_xz_-3_1,mr,2.639,3001844
27_100%_lzma_-9_16,mr,5.363,2749803
28_100%_lzma_-3_1,mr,2.618,3001334
29_50%_lzma_-6_1,mr,5.242,2749760
3_100%_xz_-6_32,mr,5.207,2750236
4_50%_lzma_-3_1,mr,2.592,3001334
5_75%_xz_-3_1,mr,2.609,3001844
6_100%_lzma_-6_16,mr,5.231,2749760
7_75%_xz_-6_32,mr,5.235,2750236
8_50%_xz_-3_32,mr,2.608,3001852
9_75%_xz_-9_32,mr,5.327,2750280
0_75%_xz_-3_16,x-ray,3.509,4914804
1_50%_xz_-3_1,x-ray,3.44,4914796
10_100%_xz_-9_1,x-ray,4.325,4489868
11_50%_lzma_-6_16,x-ray,4.332,4489170
12_75%_xz_-3_32,x-ray,3.501,4914804
13_50%_lzma_-3_16,x-ray,3.459,4913990
14_50%_lzma_-6_32,x-ray,4.276,4489170
15_50%_xz_-6_32,x-ray,4.314,4489920
16_75%_lzma_-3_16,x-ray,3.474,4913990
17_75%_lzma_-6_32,x-ray,4.248,4489170
18_100%_lzma_-6_1,x-ray,4.311,4489170
19_75%_lzma_-3_1,x-ray,3.505,4913990
2_75%_xz_-9_16,x-ray,4.31,4489876
20_75%_lzma_-6_1,x-ray,4.241,4489170
21_75%_lzma_-6_16,x-ray,4.261,4489170
22_100%_xz_-9_32,x-ray,4.328,4489876
23_100%_xz_-9_16,x-ray,4.312,4489876
24_50%_lzma_-9_32,x-ray,4.272,4489124
25_50%_lzma_-3_32,x-ray,3.466,4913990
26_100%_xz_-3_1,x-ray,3.479,4914796
27_100%_lzma_-9_16,x-ray,4.319,4489124
28_100%_lzma_-3_1,x-ray,3.487,4913990
29_50%_lzma_-6_1,x-ray,4.318,4489170
3_100%_xz_-6_32,x-ray,4.275,4489920
4_50%_lzma_-3_1,x-ray,3.421,4913990
5_75%_xz_-3_1,x-ray,3.433,4914796
6_100%_lzma_-6_16,x-ray,4.359,4489170
7_75%_xz_-6_32,x-ray,4.318,4489920
8_50%_xz_-3_32,x-ray,3.456,4914804
9_75%_xz_-9_32,x-ray,4.274,4489876
0_75%_xz_-3_16,mozilla,3.135,14838428
1_50%_xz_-3_1,mozilla,9.686,14777004
10_100%_xz_-9_1,mozilla,27.425,13374160
11_50%_lzma_-6_16,mozilla,24.222,13497551
12_75%_xz_-3_32,mozilla,3.182,14838428
13_50%_lzma_-3_16,mozilla,9.686,14775082
14_50%_lzma_-6_32,mozilla,24.308,13497551
15_50%_xz_-6_32,mozilla,12.777,13577880
16_75%_lzma_-3_16,mozilla,9.685,14775082
17_75%_lzma_-6_32,mozilla,24.276,13497551
18_100%_lzma_-6_1,mozilla,24.13,13497551
19_75%_lzma_-3_1,mozilla,9.721,14775082
2_75%_xz_-9_16,mozilla,27.34,13374168
20_75%_lzma_-6_1,mozilla,24.183,13497551
21_75%_lzma_-6_16,mozilla,24.319,13497551
22_100%_xz_-9_32,mozilla,27.385,13374168
23_100%_xz_-9_16,mozilla,27.251,13374168
24_50%_lzma_-9_32,mozilla,27.228,13365111
25_50%_lzma_-3_32,mozilla,9.702,14775082
26_100%_xz_-3_1,mozilla,9.74,14777004
27_100%_lzma_-9_16,mozilla,27.373,13365111
28_100%_lzma_-3_1,mozilla,9.702,14775082
29_50%_lzma_-6_1,mozilla,24.404,13497551
3_100%_xz_-6_32,mozilla,12.766,13577880
4_50%_lzma_-3_1,mozilla,9.685,14775082
5_75%_xz_-3_1,mozilla,9.741,14777004
6_100%_lzma_-6_16,mozilla,24.386,13497551
7_75%_xz_-6_32,mozilla,12.742,13577880
8_50%_xz_-3_32,mozilla,3.173,14838428
9_75%_xz_-9_32,mozilla,27.297,13374168
0_75%_xz_-3_16,samba,2.052,4248448
1_50%_xz_-3_1,samba,3.04,4244480
10_100%_xz_-9_1,samba,8.511,3763616
11_50%_lzma_-6_16,samba,8.078,3786768
12_75%_xz_-3_32,samba,2.006,4248448
13_50%_lzma_-3_16,samba,2.992,4243773
14_50%_lzma_-6_32,samba,8.118,3786768
15_50%_xz_-6_32,samba,8.128,3787408
16_75%_lzma_-3_16,samba,2.998,4243773
17_75%_lzma_-6_32,samba,8.091,3786768
18_100%_lzma_-6_1,samba,8.062,3786768
19_75%_lzma_-3_1,samba,3.018,4243773
2_75%_xz_-9_16,samba,8.4,3763624
20_75%_lzma_-6_1,samba,8.074,3786768
21_75%_lzma_-6_16,samba,8.135,3786768
22_100%_xz_-9_32,samba,8.428,3763624
23_100%_xz_-9_16,samba,8.413,3763624
24_50%_lzma_-9_32,samba,8.403,3762987
25_50%_lzma_-3_32,samba,3.022,4243773
26_100%_xz_-3_1,samba,3.034,4244480
27_100%_lzma_-9_16,samba,8.454,3762987
28_100%_lzma_-3_1,samba,3.019,4243773
29_50%_lzma_-6_1,samba,8.103,3786768
3_100%_xz_-6_32,samba,8.075,3787408
4_50%_lzma_-3_1,samba,3.025,4243773
5_75%_xz_-3_1,samba,3.055,4244480
6_100%_lzma_-6_16,samba,8.117,3786768
7_75%_xz_-6_32,samba,8.081,3787408
8_50%_xz_-3_32,samba,2.023,4248448
9_75%_xz_-9_32,samba,8.39,3763624
0_75%_xz_-3_16,progp,0.045,10864
1_50%_xz_-3_1,progp,0.043,10856
10_100%_xz_-9_1,progp,0.067,10352
11_50%_lzma_-6_16,progp,0.059,10307
12_75%_xz_-3_32,progp,0.04,10864
13_50%_lzma_-3_16,progp,0.045,10811
14_50%_lzma_-6_32,progp,0.059,10307
15_50%_xz_-6_32,progp,0.06,10360
16_75%_lzma_-3_16,progp,0.041,10811
17_75%_lzma_-6_32,progp,0.056,10307
18_100%_lzma_-6_1,progp,0.059,10307
19_75%_lzma_-3_1,progp,0.042,10811
2_75%_xz_-9_16,progp,0.069,10360
20_75%_lzma_-6_1,progp,0.06,10307
21_75%_lzma_-6_16,progp,0.06,10307
22_100%_xz_-9_32,progp,0.07,10360
23_100%_xz_-9_16,progp,0.069,10360
24_50%_lzma_-9_32,progp,0.07,10307
25_50%_lzma_-3_32,progp,0.042,10811
26_100%_xz_-3_1,progp,0.039,10856
27_100%_lzma_-9_16,progp,0.068,10307
28_100%_lzma_-3_1,progp,0.046,10811
29_50%_lzma_-6_1,progp,0.058,10307
3_100%_xz_-6_32,progp,0.064,10360
4_50%_lzma_-3_1,progp,0.042,10811
5_75%_xz_-3_1,progp,0.04,10856
6_100%_lzma_-6_16,progp,0.058,10307
7_75%_xz_-6_32,progp,0.062,10360
8_50%_xz_-3_32,progp,0.046,10864
9_75%_xz_-9_32,progp,0.07,10360
0_75%_xz_-3_16,nci,1.252,2149748
1_50%_xz_-3_1,nci,2.503,2131652
10_100%_xz_-9_1,nci,11.466,1738884
11_50%_lzma_-6_16,nci,11.253,1778958
12_75%_xz_-3_32,nci,1.239,2149748
13_50%_lzma_-3_16,nci,2.535,2131278
14_50%_lzma_-6_32,nci,11.125,1778958
15_50%_xz_-6_32,nci,8.336,1797072
16_75%_lzma_-3_16,nci,2.503,2131278
17_75%_lzma_-6_32,nci,11.165,1778958
18_100%_lzma_-6_1,nci,11.143,1778958
19_75%_lzma_-3_1,nci,2.53,2131278
2_75%_xz_-9_16,nci,11.47,1738892
20_75%_lzma_-6_1,nci,11.132,1778958
21_75%_lzma_-6_16,nci,11.211,1778958
22_100%_xz_-9_32,nci,11.496,1738892
23_100%_xz_-9_16,nci,11.542,1738892
24_50%_lzma_-9_32,nci,11.482,1738572
25_50%_lzma_-3_32,nci,2.548,2131278
26_100%_xz_-3_1,nci,2.526,2131652
27_100%_lzma_-9_16,nci,11.479,1738572
28_100%_lzma_-3_1,nci,2.503,2131278
29_50%_lzma_-6_1,nci,11.2,1778958
3_100%_xz_-6_32,nci,8.385,1797072
4_50%_lzma_-3_1,nci,2.547,2131278
5_75%_xz_-3_1,nci,2.499,2131652
6_100%_lzma_-6_16,nci,11.149,1778958
7_75%_xz_-6_32,nci,8.376,1797072
8_50%_xz_-3_32,nci,1.253,2149748
9_75%_xz_-9_32,nci,11.541,1738892
